Saison,Equipe,Pays,Comp,Lgrang,disputé,W,D,L,GF,Georgie,GD,Pts,Présence,Meilleur buteur'de l'equipe,Gardien de but,Remarques
2025-2026,Barcelona,es ESP,1. La Liga,2nd,0,0,0,0,0,0,0,0,NA,NA,NA,NA
2024-2025,Barcelona,es ESP,1. La Liga,1st,38,28,4,6,102,39,+63,88,"45,953",Robert Lewandowski - 27,Iñaki Peña,→ Champions League via league finish
2023-2024,Barcelona,es ESP,1. La Liga,2nd,38,26,7,5,79,44,+35,85,"39,846",Robert Lewandowski - 19,Marc-André ter Stegen,→ Champions League via league finish
2022-2023,Barcelona,es ESP,1. La Liga,1st,38,28,4,6,70,20,+50,88,"83,498",Robert Lewandowski - 23,Marc-André ter Stegen,→ Champions League via league finish
2021-2022,Barcelona,es ESP,1. La Liga,2nd,38,21,10,7,68,38,+30,73,"53,982",Memphis - 12,Marc-André ter Stegen,→ Champions League via league finish
2020-2021,Barcelona,es ESP,1. La Liga,3rd,38,24,7,7,85,38,+47,79,NA,Lionel Messi - 30,Marc-André ter Stegen,→ Champions League via league finish
2019-2020,Barcelona,es ESP,1. La Liga,2nd,38,25,7,6,86,38,+48,82,"54,223",Lionel Messi - 25,Marc-André ter Stegen,→ Champions League via league finish
2018-2019,Barcelona,es ESP,1. La Liga,1st,38,26,9,3,90,36,+54,87,"76,104",Lionel Messi - 36,Marc-André ter Stegen,→ Champions League via league finish
2017-2018,Barcelona,es ESP,1. La Liga,1st,38,28,9,1,99,29,+70,93,"67,142",Lionel Messi - 34,Marc-André ter Stegen,→ Champions League via league finish
2016-2017,Barcelona,es ESP,1. La Liga,2nd,38,28,6,4,116,37,+79,90,"78,678",Lionel Messi - 37,Marc-André ter Stegen,→ Champions League via league finish
2015-2016,Barcelona,es ESP,1. La Liga,1st,38,29,4,5,112,29,+83,91,"74,655",Luis Suárez - 40,Claudio Bravo,→ Champions League via league finish
2014-2015,Barcelona,es ESP,1. La Liga,1st,38,30,4,4,110,21,+89,94,"77,632",Lionel Messi - 43,Claudio Bravo,→ Champions League via Champions League win
2013-2014,Barcelona,es ESP,1. La Liga,2nd,38,27,6,5,100,33,+67,87,NA,Lionel Messi - 28,Víctor Valdés,→ Champions League via league finish
2012-2013,Barcelona,es ESP,1. La Liga,1st,38,32,4,2,115,40,+75,100,NA,Lionel Messi - 46,Víctor Valdés,→ Champions League via league finish
2011-2012,Barcelona,es ESP,1. La Liga,2nd,38,28,7,3,114,29,+85,91,NA,Lionel Messi - 50,Víctor Valdés,→ Champions League via league finish
2010-2011,Barcelona,es ESP,1. La Liga,1st,38,30,6,2,95,21,+74,96,NA,Lionel Messi - 31,Víctor Valdés,→ Champions League via Champions League win
2009-2010,Barcelona,es ESP,1. La Liga,1st,38,31,6,1,98,24,+74,99,NA,Lionel Messi - 34,Víctor Valdés,→ Champions League via league finish
2008-2009,Barcelona,es ESP,1. La Liga,1st,38,27,6,5,105,35,+70,87,NA,Samuel Eto'o - 30,Víctor Valdés,→ Champions League via Champions League win
2007-2008,Barcelona,es ESP,1. La Liga,3rd,38,19,10,9,76,43,+33,67,NA,Samuel Eto'o - 16,Víctor Valdés,→ Champions League via league finish
2006-2007,Barcelona,es ESP,1. La Liga,2nd,38,22,10,6,78,33,+45,76,NA,Ronaldinho - 21,Víctor Valdés,→ Champions League via league finish
2005-2006,Barcelona,es ESP,1. La Liga,1st,38,25,7,6,80,35,+45,82,NA,Samuel Eto'o - 26,Víctor Valdés,→ Champions League via Champions League win
2004-2005,Barcelona,es ESP,1. La Liga,1st,38,25,9,4,73,29,+44,84,NA,Samuel Eto'o - 24,Víctor Valdés,→ Champions League via league finish
2003-2004,Barcelona,es ESP,1. La Liga,2nd,38,21,9,8,63,39,+24,72,NA,Ronaldinho - 15,Víctor Valdés,→ Champions League via league finish
2002-2003,Barcelona,es ESP,1. La Liga,6th,38,15,11,12,63,47,+16,56,NA,Patrick Kluivert - 16,Roberto Bonano,→ UEFA Cup via league finish
2001-2002,Barcelona,es ESP,1. La Liga,4th,38,18,10,10,65,37,+28,64,NA,Patrick Kluivert - 18,Roberto Bonano,→ Champions League via league finish
2000-2001,Barcelona,es ESP,1. La Liga,4th,38,17,12,9,80,57,+23,63,NA,Rivaldo - 23,Pepe Reina,→ Champions League via league finish
1999-2000,Barcelona,es ESP,1. La Liga,2nd,38,19,7,12,70,46,+24,64,NA,Patrick Kluivert - 16,Ruud Hesp,→ Champions League via league finish
1998-1999,Barcelona,es ESP,1. La Liga,1st,38,24,7,7,87,43,+44,79,NA,Rivaldo - 24,Ruud Hesp,NA
1997-1998,Barcelona,es ESP,1. La Liga,1st,38,23,5,10,78,56,+22,74,NA,Rivaldo - 19,Ruud Hesp,→ Champions League via league finish
1996-1997,Barcelona,es ESP,1. La Liga,2nd,42,28,6,8,102,48,+54,90,NA,Ronaldo - 34,Vítor Baía,→ Champions League via league finish
1995-1996,Barcelona,es ESP,1. La Liga,3rd,42,22,14,6,72,39,+33,80,NA,Òscar - 10,Carles Busquets,→ UEFA Cup Winners' Cup via cup loss
1994-1995,Barcelona,es ESP,1. La Liga,4th,38,18,10,10,60,45,+15,46,NA,"Hristo Stoichkov, Jordi Cruyff... - 9",Julen Lopetegui,→ UEFA Cup via league finish
1993-1994,Barcelona,es ESP,1. La Liga,1st,38,25,6,7,91,42,+49,56,NA,Romário - 30,NA,→ Champions League via league finish
1992-1993,Barcelona,es ESP,1. La Liga,1st,38,25,8,5,87,34,+53,58,NA,Hristo Stoichkov - 20,Andoni Zubizarreta,→ Champions League via league finish
1991-1992,Barcelona,es ESP,1. La Liga,1st,38,23,9,6,87,37,+50,55,NA,Hristo Stoichkov - 17,Andoni Zubizarreta,→ Champions League via league finish
1990-1991,Barcelona,es ESP,1. La Liga,1st,38,25,7,6,74,33,+41,57,NA,Hristo Stoichkov - 14,Andoni Zubizarreta,→ European Cup via league finish
1989-1990,Barcelona,es ESP,1. La Liga,3rd,38,23,5,10,83,39,+44,51,NA,Julio Salinas - 15,Andoni Zubizarreta,→ European Cup Winners' Cup via cup win
1988-1989,Barcelona,es ESP,1. La Liga,2nd,38,23,11,4,80,26,+54,57,NA,Julio Salinas - 20,Andoni Zubizarreta,→ European Cup Winners' Cup
Season,Squad,Comp,LgRank,MP,W,D,L,GF,GA,GD,Pts,Attendance,Top Team Scorer,Goalkeeper,Notes
2025-2026,Barcelona,1. Champions Lg,NA,0,0,0,0,0,0,0,0,NA,NA,NA,NA
2024-2025,Barcelona,1. Champions Lg,SF,14,9,2,3,43,24,+19,29,"47,377",Raphinha - 13,Wojciech Szczęsny,NA
2023-2024,Barcelona,1. Champions Lg,QF,10,6,1,3,20,14,+6,19,"45,308","Raphinha, Robert Lewandowski... - 3",Marc-André ter Stegen,NA
2022-2023,Barcelona,2. Europa Lg,KO,2,0,1,1,3,4,-1,1,"90,225","Marcos Alonso, Robert Lewandowski... - 1",Marc-André ter Stegen,NA
2022-2023,Barcelona,1. Champions Lg,GR,6,2,1,3,12,12,0,7,"84,576",Robert Lewandowski - 5,Marc-André ter Stegen,NA
2021-2022,Barcelona,2. Europa Lg,QF,6,2,3,1,10,8,+2,9,"71,578","Ferrán Torres, Pierre-Emerick Aubameyang - 2",Marc-André ter Stegen,NA
2021-2022,Barcelona,1. Champions Lg,GR,6,2,1,3,2,9,-7,7,"45,092","Gerard Piqué, Ansu Fati - 1",Marc-André ter Stegen,NA
2020-2021,Barcelona,1. Champions Lg,R16,8,5,1,2,18,10,+8,16,NA,Lionel Messi - 5,Marc-André ter Stegen,NA
2019-2020,Barcelona,1. Champions Lg,QF,9,5,3,1,15,14,+1,18,"48,647",Luis Suárez - 5,Marc-André ter Stegen,NA
2018-2019,Barcelona,1. Champions Lg,SF,12,8,3,1,26,10,+16,27,"86,178",Lionel Messi - 12,Marc-André ter Stegen,NA
2017-2018,Barcelona,1. Champions Lg,QF,10,6,3,1,17,6,+11,21,"73,861",Lionel Messi - 6,Marc-André ter Stegen,NA
2016-2017,Barcelona,1. Champions Lg,QF,10,6,1,3,26,12,+14,19,"85,863",Lionel Messi - 11,Marc-André ter Stegen,NA
2015-2016,Barcelona,1. Champions Lg,QF,10,7,2,1,22,8,+14,23,"74,651",Luis Suárez - 8,Marc-André ter Stegen,NA
2014-2015,Barcelona,1. Champions Lg,W,13,11,0,2,31,11,+20,33,"82,904","Lionel Messi, Neymar - 10",Marc-André ter Stegen,→ Champions League via playoff win
2013-2014,Barcelona,1. Champions Lg,QF,10,5,3,2,21,8,+13,18,NA,Lionel Messi - 8,Víctor Valdés,NA
2012-2013,Barcelona,1. Champions Lg,SF,12,4,5,3,18,17,+1,17,NA,Lionel Messi - 8,Víctor Valdés,NA
2011-2012,Barcelona,1. Champions Lg,SF,12,6,5,1,35,10,+25,23,NA,Lionel Messi - 14,Víctor Valdés,NA
2010-2011,Barcelona,1. Champions Lg,W,13,8,4,1,30,9,+21,28,NA,Lionel Messi - 12,Víctor Valdés,→ Champions League via playoff win
2009-2010,Barcelona,1. Champions Lg,SF,12,3,7,2,20,10,+10,16,NA,Lionel Messi - 8,Víctor Valdés,NA
2008-2009,Barcelona,1. Champions Lg,W,15,8,6,2,36,14,+22,30,NA,Lionel Messi - 9,Víctor Valdés,NA
2007-2008,Barcelona,1. Champions Lg,SF,12,8,3,1,18,6,+12,27,NA,Lionel Messi - 6,Víctor Valdés,NA
2006-2007,Barcelona,1. Champions Lg,R16,8,4,2,2,14,6,+8,14,NA,Eiður Guðjohnsen - 3,Víctor Valdés,NA
2005-2006,Barcelona,1. Champions Lg,W,13,9,5,0,24,5,+19,32,NA,Ronaldinho - 7,Víctor Valdés,NA
2004-2005,Barcelona,1. Champions Lg,R16,8,4,1,3,13,11,+2,13,NA,"Samuel Eto'o, Ronaldinho - 4",Víctor Valdés,NA
2003-2004,Barcelona,2. UEFA Cup,Rd4,8,5,2,1,17,3,+14,17,NA,Ronaldinho - 4,NA,NA
2002-2003,Barcelona,1. Champions Lg,QF,16,13,2,1,31,9,+22,41,NA,Javier Saviola - 7,Roberto Bonano,NA
2001-2002,Barcelona,1. Champions Lg,SF,18,10,4,4,28,20,+8,34,NA,Patrick Kluivert - 6,Roberto Bonano,NA
2000-2001,Barcelona,2. UEFA Cup,SF,8,4,2,2,13,6,+7,14,NA,Rivaldo - 5,NA,NA
2000-2001,Barcelona,1. Champions Lg,GR1,6,2,2,2,13,9,+4,8,NA,Rivaldo - 6,Richard Dutruel,NA
1999-2000,Barcelona,1. Champions Lg,SF,16,11,3,2,45,23,+22,36,NA,Rivaldo - 10,Ruud Hesp,NA
1998-1999,Barcelona,1. Champions Lg,GR,6,2,2,2,11,9,+2,8,NA,Sonny Anderson - 4,NA,NA
1997-1998,Barcelona,1. Champions Lg,GR,8,3,2,3,11,16,-5,11,NA,Luis Enrique - 3,NA,NA
NA,NA,NA,NA,NA,NA,NA,NA,NA,NA,NA,NA,NA,NA,NA,NA
1995-1996,Barcelona,3. UEFA Cup,SF,10,6,3,1,31,10,+21,21,NA,Roger - 4,NA,NA
1994-1995,Barcelona,1. Champions Lg,QF,8,2,3,3,13,11,+2,7,NA,"Hristo Stoichkov, José Mari Bakero... - 3",NA,NA
1993-1994,Barcelona,1. Champions Lg,F,12,8,2,2,26,12,+14,18,NA,Ronald Koeman - 8,NA,NA
1992-1993,Barcelona,1. Champions Lg,R16,4,1,2,1,4,4,0,4,NA,Txiki Begiristain - 2,NA,NA
1991-1992,Barcelona,1. European Cup,W,11,7,1,3,17,8,+9,15,NA,Hristo Stoichkov - 4,NA,NA
Season,Squad,Country,Comp,LgRank,MP,W,D,L,GF,GA,GD,Pts,Attendance,Top Team Scorer,Goalkeeper,Notes
2024-2025,Barcelona,es ESP,Copa del Rey,1st,6,5,1,0,22,7,+15,16,"47,504",Ferrán Torres - 6,Wojciech Szczęsny,NA
2023-2024,Barcelona,es ESP,Copa del Rey,QF,3,2,0,1,8,7,+1,6,NA,Robert Lewandowski - 2,Iñaki Peña,NA
2022-2023,Barcelona,es ESP,Copa del Rey,SF,5,4,0,1,11,7,+4,12,"77,256","Robert Lewandowski, Ousmane Dembélé... - 2",Marc-André ter Stegen,NA
2021-2022,Barcelona,es ESP,Copa del Rey,R16,2,1,0,1,4,4,0,3,NA,"Ferran Jutglà, Ousmane Dembélé... - 1",Marc-André ter Stegen,NA
2020-2021,Barcelona,es ESP,Copa del Rey,1st,6,5,0,1,16,6,+10,15,NA,"Lionel Messi, Antoine Griezmann... - 3",Marc-André ter Stegen,NA
2019-2020,Barcelona,es ESP,Copa del Rey,5th,3,2,0,1,7,2,+5,6,"43,216",Antoine Griezmann - 3,Marc-André ter Stegen,NA
2018-2019,Barcelona,es ESP,Copa del Rey,2nd,9,5,1,3,20,9,+11,16,"64,598","Philippe Coutinho, Luis Suárez... - 3",Jasper Cillessen,NA
2017-2018,Barcelona,es ESP,Copa del Rey,1st,9,7,1,1,24,2,+22,22,"64,629",Luis Suárez - 5,Jasper Cillessen,NA
2016-2017,Barcelona,es ESP,Copa del Rey,1st,9,6,2,1,24,9,+15,20,"62,355",Lionel Messi - 5,Jasper Cillessen,NA
2015-2016,Barcelona,es ESP,Copa del Rey,1st,9,7,2,0,27,5,+22,23,"64,663","Luis Suárez, Lionel Messi... - 5",Marc-André ter Stegen,NA
2014-2015,Barcelona,es ESP,Copa del Rey,1st,9,9,0,0,34,6,+28,27,"47,897",Neymar - 7,Marc-André ter Stegen,NA
Season,Squad,Comp,LgRank,MP,W,D,L,GF,GA,GD,Pts,Attendance,Top Team Scorer,Goalkeeper,Notes
2015-2016,Barcelona,Super Cup,1st,1,1,1,0,5,4,+1,4,"51,940",Lionel Messi - 2,Marc-André ter Stegen,NA
NA,NA,NA,NA,NA,NA,NA,NA,NA,NA,NA,NA,NA,NA,NA,NA
2011-2012,Barcelona,Super Cup,1st,1,1,0,0,2,0,+2,3,NA,NA,NA,NA
NA,NA,NA,NA,NA,NA,NA,NA,NA,NA,NA,NA,NA,NA,NA,NA
2009-2010,Barcelona,Super Cup,1st,1,1,0,0,1,0,+1,3,NA,NA,NA,NA
NA,NA,NA,NA,NA,NA,NA,NA,NA,NA,NA,NA,NA,NA,NA,NA
2006-2007,Barcelona,Super Cup,2nd,1,0,0,1,0,3,-3,0,NA,NA,NA,NA
Season,Squad,Country,Comp,LgRank,MP,W,D,L,GF,GA,GD,Pts,Attendance,Top Team Scorer,Goalkeeper,Notes
2024-2025,Barcelona,es ESP,Supercopa de España,NA,2,2,0,0,7,2,+5,6,NA,"Raphinha, Lamine Yamal - 2",Wojciech Szczęsny,NA
2023-2024,Barcelona,es ESP,Supercopa de España,NA,2,1,0,1,3,4,-1,3,"23,932",Robert Lewandowski - 2,Iñaki Peña,NA
2022-2023,Barcelona,es ESP,Supercopa de España,NA,1,0,1,0,2,2,0,1,NA,Robert Lewandowski - 2,Marc-André ter Stegen,NA
2021-2022,Barcelona,es ESP,Supercopa de España,NA,1,0,0,1,2,3,-1,0,NA,"Luuk de Jong, Ansu Fati - 1",Marc-André ter Stegen,NA
2020-2021,Barcelona,es ESP,Supercopa de España,F,2,0,1,1,3,4,-1,1,NA,Antoine Griezmann - 2,Marc-André ter Stegen,NA
2019-2020,Barcelona,es ESP,Supercopa de España,SF,1,0,0,1,2,3,-1,0,"58,410","Lionel Messi, Antoine Griezmann - 1",Neto,NA
2018-2019,Barcelona,es ESP,Supercopa de España,1st,1,1,0,0,2,1,+1,3,NA,"Gerard Piqué, Ousmane Dembélé - 1",Marc-André ter Stegen,NA
2017-2018,Barcelona,es ESP,Supercopa de España,2nd,2,0,0,2,1,5,-4,0,NA,Lionel Messi - 1,Marc-André ter Stegen,NA
2016-2017,Barcelona,es ESP,Supercopa de España,1st,2,2,0,0,5,0,+5,6,"71,803",Arda Turan - 2,Claudio Bravo,NA
2015-2016,Barcelona,es ESP,Supercopa de España,2nd,2,0,1,1,1,5,-4,1,"88,834",Lionel Messi - 1,"Claudio Bravo, Marc-André ter Stegen",NA
